<?xml version="1.0" encoding="utf-8" ?>
<dwsync>
<file name="05_link_01.jpg" server="aima.co.kr" local="130474918811342215" remote="130484845800000000" Dst="0" />
<file name="05_link_02.jpg" server="aima.co.kr" local="130474921798384800" remote="130484845800000000" Dst="0" />
<file name="05_link_03.jpg" server="aima.co.kr" local="130474922284799274" remote="130484845800000000" Dst="0" />
<file name="05_link_04.jpg" server="aima.co.kr" local="130474922629159002" remote="130484845800000000" Dst="0" />
<file name="05_link_05.jpg" server="aima.co.kr" local="130474922933752175" remote="130484845800000000" Dst="0" />
<file name="05_link_06.jpg" server="aima.co.kr" local="130474923178625531" remote="130484845800000000" Dst="0" />
<file name="05_link_07.jpg" server="aima.co.kr" local="130474923623682414" remote="130484845800000000" Dst="0" />
<file name="05_link_08.jpg" server="aima.co.kr" local="130474925701558527" remote="130484845800000000" Dst="0" />
<file name="05_link_09.jpg" server="aima.co.kr" local="130474926775234747" remote="130484845800000000" Dst="0" />
<file name="05_link_10.jpg" server="aima.co.kr" local="130474927990755604" remote="130484845800000000" Dst="0" />
<file name="05_link_11.jpg" server="aima.co.kr" local="130474929713454783" remote="130484845800000000" Dst="0" />
<file name="05_link_12.jpg" server="aima.co.kr" local="130474930268434991" remote="130484845800000000" Dst="0" />
<file name="05_link_13.jpg" server="aima.co.kr" local="130474930611723975" remote="130484845800000000" Dst="0" />
<file name="05_link_14.jpg" server="aima.co.kr" local="130474931739686431" remote="130484845800000000" Dst="0" />
<file name="05_link_15.jpg" server="aima.co.kr" local="130474932085767275" remote="130484845800000000" Dst="0" />
<file name="05_link_16.jpg" server="aima.co.kr" local="130474932819136501" remote="130484845800000000" Dst="0" />
<file name="05_link_17.jpg" server="aima.co.kr" local="130474936632220133" remote="130484845800000000" Dst="0" />
<file name="05_link_01.jpg" server="aima.co.kr/public_html/test/" local="130474918811342215" remote="130484848800000000" Dst="0" />
<file name="05_link_02.jpg" server="aima.co.kr/public_html/test/" local="130474921798384800" remote="130484848800000000" Dst="0" />
<file name="05_link_03.jpg" server="aima.co.kr/public_html/test/" local="130474922284799274" remote="130484848800000000" Dst="0" />
<file name="05_link_04.jpg" server="aima.co.kr/public_html/test/" local="130474922629159002" remote="130484848800000000" Dst="0" />
<file name="05_link_05.jpg" server="aima.co.kr/public_html/test/" local="130474922933752175" remote="130484848800000000" Dst="0" />
<file name="05_link_06.jpg" server="aima.co.kr/public_html/test/" local="130474923178625531" remote="130484848800000000" Dst="0" />
<file name="05_link_07.jpg" server="aima.co.kr/public_html/test/" local="130474923623682414" remote="130484848800000000" Dst="0" />
<file name="05_link_08.jpg" server="aima.co.kr/public_html/test/" local="130474925701558527" remote="130484848800000000" Dst="0" />
<file name="05_link_09.jpg" server="aima.co.kr/public_html/test/" local="130474926775234747" remote="130484848800000000" Dst="0" />
<file name="05_link_11.jpg" server="aima.co.kr/public_html/test/" local="130474929713454783" remote="130484848800000000" Dst="0" />
<file name="05_link_10.jpg" server="aima.co.kr/public_html/test/" local="130474927990755604" remote="130484848800000000" Dst="0" />
<file name="05_link_12.jpg" server="aima.co.kr/public_html/test/" local="130474930268434991" remote="130484848800000000" Dst="0" />
<file name="05_link_13.jpg" server="aima.co.kr/public_html/test/" local="130474930611723975" remote="130484848800000000" Dst="0" />
<file name="05_link_14.jpg" server="aima.co.kr/public_html/test/" local="130474931739686431" remote="130484848800000000" Dst="0" />
<file name="05_link_16.jpg" server="aima.co.kr/public_html/test/" local="130474932819136501" remote="130484848800000000" Dst="0" />
<file name="05_link_15.jpg" server="aima.co.kr/public_html/test/" local="130474932085767275" remote="130484848800000000" Dst="0" />
<file name="05_link_17.jpg" server="aima.co.kr/public_html/test/" local="130474936632220133" remote="130484848800000000" Dst="0" />
</dwsync>